{
  "builder_name": "x_code_eval",
  "citation": "@misc{khan2023xcodeeval,\n\t  title={xCodeEval: A Large Scale Multilingual Multitask Benchmark for Code Understanding, Generation, Translation and Retrieval}, \n\t  author={Mohammad Abdullah Matin Khan and M Saiful Bari and Xuan Long Do and Weishi Wang and Md Rizwan Parvez and Shafiq Joty},\n\t  year={2023},\n\t  eprint={2303.03004},\n\t  archivePrefix={arXiv},\n\t  primaryClass={cs.CL}\n}\n",
  "config_name": "apr",
  "dataset_name": "x_code_eval",
  "dataset_size": 34333865,
  "description": "### Key Definitions\n\t\t\t1. `similarity_score`: A similarity score between `bug_source_code` and `fix_source_code` given by difflib.\n\t\t\t2. `equal_cnt`: A metric comparing `bug_source_code` and `fix_source_code`. Recommended by difflib.\n\t\t\t3. `replace_cnt`: A metric comparing `bug_source_code` and `fix_source_code`. Recommended by difflib.\n\t\t\t4. `delete_cnt`: A metric comparing `bug_source_code` and `fix_source_code`. Recommended by difflib.\n\t\t\t5. `insert_cnt`: A metric comparing `bug_source_code` and `fix_source_code`. Recommended by difflib.\n\t\t\t6. `fix_ops_cnt`: A metric comparing `bug_source_code` and `fix_source_code`. Recommended by difflib.\n\t\t\t7. `bug_source_code`: Buggy code.\n\t\t\t8. `fix_source_code`: A potential fix of the buggy code that passed all the unit tests.\n\t\t\t9. `lang`: Runtime/Compiler version of the `source_code`.\n\t\t\t10. `fix_code_uid`: A unique ID for the fix code. It is not important for model training. If you find any issue with the sample, you can report it to us mentioning the `fix_code_uid`.\n\t\t\t11. `bug_code_uid`: A unique ID for the buggy code. It is not important for model training. If you find any issue with the sample, you can report it to us mentioning the `bug_code_uid`.\n\t\t\t12. `src_uid`: A specific identifier that shows which problem the code is associated with. This identifier is **important** for the training of the model. The problem referred to by the `src_uid` provides a natural description of the problem that the code successfully solved. Refer to [Structure of `problem_descriptions.jsonl`](./README.md#structure-of-problem_descriptionsjsonl)\n\t\t\t13. `apr_id`: A unique ID for the apr sample. It is not important for model training. If you find any issue with the sample, you can report it to us mentioning the `apr_id`.\n\t\t\t14. `difficulty`: Difficulty rating of the problem indicated by `src_uid`. The higher the harder.  \n\t\t\t15. `tags`: List of potential algorithmic techniques required to write the program.\n\t\t\t16. `bug_exec_outcome`: A pre-run execution outcome of `bug_source_code`. Follow [Section 4.1](https://arxiv.org/pdf/2303.03004.pdf) to know the potential list of outcomes. The `exec_outcome` flags in the training data comes from a pre-run environmeent. However, training data doesn't  includes unit-test to avoid potential hacks. We provide unit test for only compact and titan test data.   \n\t\t\t17. `fix_exec_outcome`: A pre-run execution outcome of `fix_source_code`. Follow [Section 4.1](https://arxiv.org/pdf/2303.03004.pdf) to know the potential list of outcomes. The `exec_outcome` flags in the training data comes from a pre-run environmeent. However, training data doesn't  includes unit-test to avoid potential hacks. We provide unit test for only compact and titan test data.   \n\t\t\t18. `potential_dominant_fix_op`: A potential fix op recommended by difflib.\n\t\t\t19. `lang_cluster`: A generic programming language name the value of `lang` belongs to.\n\t\t\t20. `prob_desc_description`: Problem description in textual format, math operations are written in latex.\n\t\t\t21. `prob_desc_input_from`: How the program should take the unit test.\n\t\t\t22. `prob_desc_output_to`: Where the program should output the result of the unit test.\n\t\t\t23. `prob_desc_time_limit`: Time limit to solve the problem. \n\t\t\t24. `prob_desc_memory_limit`: Memory limit to solve the problem.\n\t\t\t25. `prob_desc_input_spec`: How and in what order the input will be given to the program? It also includes the date range, types, and sizes.\n\t\t\t26. `prob_desc_output_spec`: How the outputs should be printed. Most of the time the unit test results are matched with an *exact string match* or *floating point comparison* with a precision boundary. \n\t\t\t27. `prob_desc_sample_inputs`: A sample input for the code that is expected to solve the problem described in `description`.\n\t\t\t28. `prob_desc_sample_outputs`: The expected output for the `sample_input` that is expected to solve the problem described in `description`.\n\t\t\t29. `prob_desc_notes`: Explanation of `sample_inputs` & `sample_outputs`.\n\t\t\t30. `prob_desc_created_at`: The Unix timestamp when the problem was released. Use `datetime` lib in Python to parse it to a human-readable format. \n\t\t\t31. `file_name`: Name of the source jsonl file from where data is loaded.\n\t\t\t32. `hidden_unit_tests`: a list of unit tests returned as string. use `json.loads(hidden_unit_tests)` to load the data.\n\t\tObjective: Given a `bug_source_code` the objective is to generate a fixed version of the code that passes all the unit test. Use `fix_source_code` for training.\nThe ability to solve problems is a hallmark of intelligence and has been an enduring goal in AI. AI systems that can create programs as solutions to problems or assist developers in writing programs can increase productivity and make programming more accessible. Recently, pre-trained large language models have shown impressive abilities in generating new codes from natural language descriptions, repairing buggy codes, translating codes between languages, and retrieving relevant code segments. However, the evaluation of these models has often been performed in a scattered way on only one or two specific tasks, in a few languages, at a partial granularity (e.g., function) level and in many cases without proper training data. Even more concerning is that in most cases the evaluation of generated codes has been done in terms of mere lexical overlap rather than actual execution whereas semantic similarity (or equivalence) of two code segments depends only on their ``execution similarity'', i.e., being able to get the same output for a given input.\n",
  "download_checksums": {},
  "download_size": 0,
  "features": {
    "delete_cnt": {
      "dtype": "int32",
      "_type": "Value"
    },
    "fix_code_uid": {
      "dtype": "string",
      "_type": "Value"
    },
    "difficulty": {
      "dtype": "int32",
      "_type": "Value"
    },
    "replace_cnt": {
      "dtype": "int32",
      "_type": "Value"
    },
    "fix_ops_cnt": {
      "dtype": "int32",
      "_type": "Value"
    },
    "prob_desc_output_spec": {
      "dtype": "string",
      "_type": "Value"
    },
    "apr_id": {
      "dtype": "string",
      "_type": "Value"
    },
    "bug_source_code": {
      "dtype": "string",
      "_type": "Value"
    },
    "prob_desc_input_spec": {
      "dtype": "string",
      "_type": "Value"
    },
    "src_uid": {
      "dtype": "string",
      "_type": "Value"
    },
    "bug_code_uid": {
      "dtype": "string",
      "_type": "Value"
    },
    "equal_cnt": {
      "dtype": "int32",
      "_type": "Value"
    },
    "prob_desc_time_limit": {
      "dtype": "string",
      "_type": "Value"
    },
    "similarity_score": {
      "dtype": "float32",
      "_type": "Value"
    },
    "bug_exec_outcome": {
      "dtype": "string",
      "_type": "Value"
    },
    "lang_cluster": {
      "dtype": "string",
      "_type": "Value"
    },
    "potential_dominant_fix_op": {
      "dtype": "string",
      "_type": "Value"
    },
    "prob_desc_sample_inputs": {
      "dtype": "string",
      "_type": "Value"
    },
    "prob_desc_input_from": {
      "dtype": "string",
      "_type": "Value"
    },
    "prob_desc_description": {
      "dtype": "string",
      "_type": "Value"
    },
    "lang": {
      "dtype": "string",
      "_type": "Value"
    },
    "fix_exec_outcome": {
      "dtype": "string",
      "_type": "Value"
    },
    "insert_cnt": {
      "dtype": "int32",
      "_type": "Value"
    },
    "fix_source_code": {
      "dtype": "string",
      "_type": "Value"
    },
    "prob_desc_notes": {
      "dtype": "string",
      "_type": "Value"
    },
    "file_name": {
      "dtype": "string",
      "_type": "Value"
    },
    "tags": {
      "feature": {
        "dtype": "string",
        "_type": "Value"
      },
      "_type": "Sequence"
    },
    "prob_desc_output_to": {
      "dtype": "string",
      "_type": "Value"
    },
    "prob_desc_created_at": {
      "dtype": "string",
      "_type": "Value"
    },
    "prob_desc_memory_limit": {
      "dtype": "string",
      "_type": "Value"
    },
    "prob_desc_sample_outputs": {
      "dtype": "string",
      "_type": "Value"
    },
    "hidden_unit_tests": {
      "dtype": "string",
      "_type": "Value"
    }
  },
  "homepage": "https://github.com/ntunlp/xCodeEval",
  "license": "",
  "size_in_bytes": 34333865,
  "splits": {
    "compact": {
      "name": "compact",
      "num_bytes": 34333865,
      "num_examples": 5068,
      "dataset_name": "x_code_eval"
    }
  },
  "version": {
    "version_str": "0.1.0",
    "major": 0,
    "minor": 1,
    "patch": 0
  }
}